year,prediction,model
2026,3117535.4398307805,Prophet
2027,3306248.5867596064,Prophet
2028,3494801.853004819,Prophet
